{"Lisa Rose": [[0.9912407071619299, "Toby"], [0.7470178808339965, "Jack Matthews"], [0.5940885257860044, "Mick LaSalle"], [0.5669467095138396, "Claudia Puig"], [0.40451991747794525, "Michael Phillips"]], "Gene Seymour": [[0.963795681875635, "Jack Matthews"], [0.41176470588235276, "Mick LaSalle"], [0.39605901719066977, "Lisa Rose"], [0.38124642583151164, "Toby"], [0.31497039417435607, "Claudia Puig"]], "Michael Phillips": [[1.0, "Claudia Puig"], [0.40451991747794525, "Lisa Rose"], [0.20459830184114206, "Gene Seymour"], [0.13483997249264842, "Jack Matthews"]], "Claudia Puig": [[1.0, "Michael Phillips"], [0.8934051474415647, "Toby"], [0.5669467095138411, "Mick LaSalle"], [0.5669467095138396, "Lisa Rose"], [0.31497039417435607, "Gene Seymour"]], "Mick LaSalle": [[0.9244734516419049, "Toby"], [0.5940885257860044, "Lisa Rose"], [0.5669467095138411, "Claudia Puig"], [0.41176470588235276, "Gene Seymour"], [0.21128856368212925, "Jack Matthews"]], "Jack Matthews": [[0.963795681875635, "Gene Seymour"], [0.7470178808339965, "Lisa Rose"], [0.66284898035987, "Toby"], [0.21128856368212925, "Mick LaSalle"], [0.13483997249264842, "Michael Phillips"]], "Toby": [[0.9912407071619299, "Lisa Rose"], [0.9244734516419049, "Mick LaSalle"], [0.8934051474415647, "Claudia Puig"], [0.66284898035987, "Jack Matthews"], [0.38124642583151164, "Gene Seymour"]]}